scenario,replication,method,success,converged,diagnostic,error,subgroup_difference_truth,subgroup_difference_estimate,subgroup_difference_standard_error,subgroup_difference_lower,subgroup_difference_upper,subgroup_difference_error,subgroup_difference_covered,cate_mse,prior_scale
constant_risk_difference,1,bayesian_hierarchical,True,True,"prior scale=0.5, max R-hat=1.010, minimum bulk ESS=244, divergences=0",,-1.1102230246251565e-16,0.005845501129814511,0.0417406585487256,-0.095170958341748,0.07854587069377793,0.005845501129814622,True,0.0022397221625916246,0.5
constant_risk_difference,1,bayesian_hierarchical,True,True,"prior scale=1, max R-hat=1.010, minimum bulk ESS=297, divergences=0",,-1.1102230246251565e-16,0.0036751418512244102,0.04950517021315773,-0.11112516104764118,0.08708998527975349,0.0036751418512245212,True,0.0028029844848313046,1.0
constant_risk_difference,1,bayesian_hierarchical,True,True,"prior scale=2, max R-hat=1.020, minimum bulk ESS=288, divergences=0",,-1.1102230246251565e-16,0.002403607308610846,0.05141784653743234,-0.13168449248701686,0.08183701031531844,0.002403607308610957,True,0.0029041553895315262,2.0
constant_risk_difference,2,bayesian_hierarchical,True,True,"prior scale=0.5, max R-hat=1.040, minimum bulk ESS=343, divergences=0",,-1.1102230246251565e-16,0.008181766491971172,0.03295322951366585,-0.0645918609767331,0.06781299259711679,0.008181766491971283,True,0.0009881192476314184,0.5
constant_risk_difference,2,bayesian_hierarchical,True,True,"prior scale=1, max R-hat=1.010, minimum bulk ESS=484, divergences=0",,-1.1102230246251565e-16,0.009646770963325122,0.0350138075524204,-0.06834618038301302,0.07626559817433406,0.009646770963325233,True,0.0010323507502732383,1.0
constant_risk_difference,2,bayesian_hierarchical,True,True,"prior scale=2, max R-hat=1.010, minimum bulk ESS=268, divergences=0",,-1.1102230246251565e-16,0.009835551746380322,0.036124141222194144,-0.06568143827301068,0.081070143918395,0.009835551746380433,True,0.0010792320719318815,2.0
constant_risk_difference,3,bayesian_hierarchical,True,True,"prior scale=0.5, max R-hat=1.010, minimum bulk ESS=250, divergences=0",,-1.1102230246251565e-16,0.014049782245366698,0.03512190876439899,-0.057764786035041475,0.08047452064899673,0.014049782245366809,True,0.0015044837709797126,0.5
constant_risk_difference,3,bayesian_hierarchical,True,True,"prior scale=1, max R-hat=1.010, minimum bulk ESS=259, divergences=0",,-1.1102230246251565e-16,0.01713899131466833,0.03864006264899077,-0.06575366772273236,0.09387480408484114,0.01713899131466844,True,0.0016497100820235125,1.0
constant_risk_difference,3,bayesian_hierarchical,True,True,"prior scale=2, max R-hat=1.010, minimum bulk ESS=272, divergences=0",,-1.1102230246251565e-16,0.017170902496043076,0.04131652855105309,-0.06921199144165516,0.10112706303000556,0.017170902496043187,True,0.0016397635248307637,2.0
constant_risk_difference,4,bayesian_hierarchical,True,True,"prior scale=0.5, max R-hat=1.010, minimum bulk ESS=260, divergences=0",,-1.1102230246251565e-16,-0.002272512846300197,0.032208305270234674,-0.07560173162138707,0.05218196228598965,-0.002272512846300086,True,0.000403968763495023,0.5
constant_risk_difference,4,bayesian_hierarchical,True,True,"prior scale=1, max R-hat=1.020, minimum bulk ESS=483, divergences=0",,-1.1102230246251565e-16,-0.0033766738617610477,0.03367592655516485,-0.08210289794610202,0.0569266252359539,-0.0033766738617609367,True,0.0005034646123477693,1.0
constant_risk_difference,4,bayesian_hierarchical,True,True,"prior scale=2, max R-hat=1.010, minimum bulk ESS=312, divergences=0",,-1.1102230246251565e-16,-0.0046760935259906955,0.04132362089907514,-0.10806118899438849,0.06174380792231494,-0.0046760935259905845,True,0.00047857788890859056,2.0
constant_risk_difference,5,bayesian_hierarchical,True,True,"prior scale=0.5, max R-hat=1.020, minimum bulk ESS=278, divergences=0",,-1.1102230246251565e-16,-0.011179292432277546,0.04126547301584378,-0.10689542470518625,0.05833732606946658,-0.011179292432277435,True,0.0009199346319446054,0.5
constant_risk_difference,5,bayesian_hierarchical,True,True,"prior scale=1, max R-hat=1.010, minimum bulk ESS=308, divergences=0",,-1.1102230246251565e-16,-0.014766142141132203,0.043919297006924644,-0.12396602068800237,0.06078143095459071,-0.014766142141132092,True,0.0011484529109858112,1.0
constant_risk_difference,5,bayesian_hierarchical,True,True,"prior scale=2, max R-hat=1.010, minimum bulk ESS=407, divergences=0",,-1.1102230246251565e-16,-0.01434964487463942,0.045221084326886096,-0.11762367129241161,0.0687237679363145,-0.014349644874639309,True,0.0011718339054721137,2.0
constant_risk_difference,6,bayesian_hierarchical,True,True,"prior scale=0.5, max R-hat=1.010, minimum bulk ESS=279, divergences=0",,-1.1102230246251565e-16,0.00940606401508553,0.032355919704715345,-0.05444133365694378,0.076342701395599,0.009406064015085642,True,0.000542190018429329,0.5
constant_risk_difference,6,bayesian_hierarchical,True,True,"prior scale=1, max R-hat=1.010, minimum bulk ESS=337, divergences=0",,-1.1102230246251565e-16,0.00868922662233542,0.034252934034887064,-0.06305157677131161,0.0786989799037795,0.008689226622335532,True,0.0007010063426263575,1.0
constant_risk_difference,6,bayesian_hierarchical,True,True,"prior scale=2, max R-hat=1.010, minimum bulk ESS=279, divergences=0",,-1.1102230246251565e-16,0.008356015846820981,0.03240854487732173,-0.05576281068119971,0.07524238248611716,0.008356015846821092,True,0.0006990272362190404,2.0
constant_risk_difference,7,bayesian_hierarchical,True,True,"prior scale=0.5, max R-hat=1.010, minimum bulk ESS=292, divergences=0",,-1.1102230246251565e-16,-0.00043916786728407075,0.03380975545923374,-0.07308586662717498,0.07067450388076303,-0.00043916786728395973,True,0.0009690445010846826,0.5
constant_risk_difference,7,bayesian_hierarchical,True,True,"prior scale=1, max R-hat=1.010, minimum bulk ESS=250, divergences=0",,-1.1102230246251565e-16,-0.0002782924229678473,0.03584853284912419,-0.08750246615456657,0.06618107436659014,-0.00027829242296773627,True,0.001170418160377766,1.0
constant_risk_difference,7,bayesian_hierarchical,True,True,"prior scale=2, max R-hat=1.010, minimum bulk ESS=267, divergences=0",,-1.1102230246251565e-16,0.00022989789341695287,0.04089513474554361,-0.08824965699797169,0.07481203722359496,0.0002298978934170639,True,0.0012956944791609598,2.0
constant_risk_difference,8,bayesian_hierarchical,True,True,"prior scale=0.5, max R-hat=1.010, minimum bulk ESS=311, divergences=0",,-1.1102230246251565e-16,-0.007010455963779642,0.043101258234743874,-0.11685404529494837,0.06931600264880002,-0.007010455963779531,True,0.0010749445346823836,0.5
constant_risk_difference,8,bayesian_hierarchical,True,True,"prior scale=1, max R-hat=1.020, minimum bulk ESS=233, divergences=0",,-1.1102230246251565e-16,-0.01075404657490867,0.052797033161526084,-0.1417411330929864,0.08727896706531436,-0.01075404657490856,True,0.0016362185104040008,1.0
constant_risk_difference,8,bayesian_hierarchical,True,True,"prior scale=2, max R-hat=1.020, minimum bulk ESS=247, divergences=0",,-1.1102230246251565e-16,-0.011345438867894766,0.05584458213190252,-0.1501633606382007,0.0846411835177806,-0.011345438867894655,True,0.002025306414772145,2.0
constant_risk_difference,9,bayesian_hierarchical,True,True,"prior scale=0.5, max R-hat=1.010, minimum bulk ESS=216, divergences=0",,-1.1102230246251565e-16,-0.005904165847419138,0.03683419762911832,-0.09843734494588967,0.052208569068696496,-0.005904165847419027,True,0.0026331824675917908,0.5
constant_risk_difference,9,bayesian_hierarchical,True,True,"prior scale=1, max R-hat=1.010, minimum bulk ESS=233, divergences=0",,-1.1102230246251565e-16,-0.013238439286963936,0.047405416794932126,-0.1434795501658876,0.05417830430650976,-0.013238439286963825,True,0.0028611057100864585,1.0
constant_risk_difference,9,bayesian_hierarchical,True,True,"prior scale=2, max R-hat=1.010, minimum bulk ESS=382, divergences=0",,-1.1102230246251565e-16,-0.013691748914516697,0.05351609503342643,-0.14659893075050098,0.06402872627667372,-0.013691748914516586,True,0.003000356971870069,2.0
constant_risk_difference,10,bayesian_hierarchical,True,True,"prior scale=0.5, max R-hat=1.010, minimum bulk ESS=462, divergences=0",,-1.1102230246251565e-16,-0.0017492720407322145,0.03893443700301554,-0.0982360357081125,0.06493510733331376,-0.0017492720407321035,True,0.0013783227894112217,0.5
constant_risk_difference,10,bayesian_hierarchical,True,True,"prior scale=1, max R-hat=1.010, minimum bulk ESS=291, divergences=0",,-1.1102230246251565e-16,-0.007675297453235986,0.04871973756670901,-0.1306171771878471,0.05997891816261863,-0.007675297453235875,True,0.0014980772832034206,1.0
constant_risk_difference,10,bayesian_hierarchical,True,True,"prior scale=2, max R-hat=1.010, minimum bulk ESS=446, divergences=0",,-1.1102230246251565e-16,-0.009697424087319486,0.04945462343098993,-0.13482145966196943,0.0614654381757071,-0.009697424087319375,True,0.0016279575518667643,2.0
simple_age_subgroup,1,bayesian_hierarchical,True,True,"prior scale=0.5, max R-hat=1.020, minimum bulk ESS=229, divergences=0",,-0.20489265510263627,-0.06650657774519433,0.05267976923998066,-0.18160174270244442,0.022537435955347733,0.13838607735744193,False,0.0022799760256484998,0.5
simple_age_subgroup,1,bayesian_hierarchical,True,True,"prior scale=1, max R-hat=1.010, minimum bulk ESS=176, divergences=0",,-0.20489265510263627,-0.06896366718264005,0.06058614103869012,-0.1975553922591434,0.036235960258872976,0.13592898791999622,False,0.0022474422747614637,1.0
simple_age_subgroup,1,bayesian_hierarchical,True,True,"prior scale=2, max R-hat=1.010, minimum bulk ESS=237, divergences=0",,-0.20489265510263627,-0.07746215084958606,0.06240119855044079,-0.20564726734919275,0.038642964768960834,0.1274305042530502,True,0.0022277026580571177,2.0
simple_age_subgroup,2,bayesian_hierarchical,True,True,"prior scale=0.5, max R-hat=1.020, minimum bulk ESS=189, divergences=0",,-0.20489265510263627,-0.0070193341992177295,0.046445006037717194,-0.11573227884171872,0.0778612579973317,0.19787332090341853,False,0.004682572268919916,0.5
simple_age_subgroup,2,bayesian_hierarchical,True,True,"prior scale=1, max R-hat=1.020, minimum bulk ESS=176, divergences=0",,-0.20489265510263627,-0.009062177884816862,0.056136790887021906,-0.13720356477457013,0.09134190169247375,0.1958304772178194,False,0.0054327811938728685,1.0
simple_age_subgroup,2,bayesian_hierarchical,True,True,"prior scale=2, max R-hat=1.010, minimum bulk ESS=287, divergences=0",,-0.20489265510263627,-0.011298187544518142,0.05865372538896228,-0.14087701426416208,0.10456456274400414,0.19359446755811813,False,0.006349108741839805,2.0
simple_age_subgroup,3,bayesian_hierarchical,True,True,"prior scale=0.5, max R-hat=1.010, minimum bulk ESS=302, divergences=0",,-0.20489265510263627,-0.06787060406699967,0.04893486945070638,-0.1742496940378975,0.012037869108283188,0.13702205103563658,False,0.0030968962651273866,0.5
simple_age_subgroup,3,bayesian_hierarchical,True,True,"prior scale=1, max R-hat=1.020, minimum bulk ESS=213, divergences=0",,-0.20489265510263627,-0.07980525560951239,0.05374811071581398,-0.19930147887257108,0.008506423394829167,0.12508739949312386,False,0.003181102441632281,1.0
simple_age_subgroup,3,bayesian_hierarchical,True,True,"prior scale=2, max R-hat=1.010, minimum bulk ESS=237, divergences=0",,-0.20489265510263627,-0.08608950108973817,0.055316208018322884,-0.2007497524290031,0.010888834275796523,0.1188031540128981,False,0.0032395397247949116,2.0
simple_age_subgroup,4,bayesian_hierarchical,True,True,"prior scale=0.5, max R-hat=1.010, minimum bulk ESS=335, divergences=0",,-0.20489265510263627,-0.019647909165821445,0.03957435061633091,-0.1080908580797633,0.06091849315936611,0.18524474593681484,False,0.002997810780549783,0.5
simple_age_subgroup,4,bayesian_hierarchical,True,True,"prior scale=1, max R-hat=1.010, minimum bulk ESS=192, divergences=0",,-0.20489265510263627,-0.021659400744182575,0.04264159521446583,-0.11204398689908358,0.058806549010248205,0.1832332543584537,False,0.0029412318243803356,1.0
simple_age_subgroup,4,bayesian_hierarchical,True,True,"prior scale=2, max R-hat=1.020, minimum bulk ESS=154, divergences=0",,-0.20489265510263627,-0.02284191978480758,0.045609662531421125,-0.1227433245485674,0.06335645287585477,0.1820507353178287,False,0.0028992180171695577,2.0
simple_age_subgroup,5,bayesian_hierarchical,True,True,"prior scale=0.5, max R-hat=1.010, minimum bulk ESS=280, divergences=0",,-0.20489265510263627,-0.01821871314472793,0.03292715326628412,-0.10037670919365738,0.03291582405336669,0.18667394195790835,False,0.002856936116143225,0.5
simple_age_subgroup,5,bayesian_hierarchical,True,True,"prior scale=1, max R-hat=1.013, minimum bulk ESS=317, divergences=0",,-0.20489265510263627,-0.020688706475927673,0.04208088059996775,-0.12635072655300675,0.04417911174255357,0.18420394862670858,False,0.002976257703334264,1.0
simple_age_subgroup,5,bayesian_hierarchical,True,True,"prior scale=2, max R-hat=1.010, minimum bulk ESS=273, divergences=0",,-0.20489265510263627,-0.026638859562966456,0.05222742491510148,-0.16438854735094074,0.04084646338401101,0.1782537955396698,False,0.0028988869785753135,2.0
simple_age_subgroup,6,bayesian_hierarchical,True,True,"prior scale=0.5, max R-hat=1.010, minimum bulk ESS=257, divergences=0",,-0.20489265510263627,-0.01386795299123358,0.056885356525273455,-0.13123607402859014,0.10201067237733207,0.19102470211140268,False,0.011731341816903947,0.5
simple_age_subgroup,6,bayesian_hierarchical,True,True,"prior scale=1, max R-hat=1.010, minimum bulk ESS=274, divergences=0",,-0.20489265510263627,-0.017291645438836746,0.06341642916431553,-0.15013126580450523,0.11283821517352492,0.18760100966379953,False,0.013219519138511136,1.0
simple_age_subgroup,6,bayesian_hierarchical,True,True,"prior scale=2, max R-hat=1.020, minimum bulk ESS=213, divergences=0",,-0.20489265510263627,-0.01912376397540057,0.06680599931556953,-0.16245955682792357,0.10760129925609638,0.18576889112723569,False,0.013320160997812447,2.0
simple_age_subgroup,7,bayesian_hierarchical,True,True,"prior scale=0.5, max R-hat=1.020, minimum bulk ESS=180, divergences=0",,-0.20489265510263627,-0.030702616583797648,0.04588657771158029,-0.12886432286351704,0.05216938196740942,0.17419003851883863,False,0.0027325137784987956,0.5
simple_age_subgroup,7,bayesian_hierarchical,True,True,"prior scale=1, max R-hat=1.010, minimum bulk ESS=283, divergences=0",,-0.20489265510263627,-0.038933723418002456,0.0501036593877924,-0.15057351287135376,0.047660489178250116,0.16595893168463383,False,0.002656028640243179,1.0
simple_age_subgroup,7,bayesian_hierarchical,True,True,"prior scale=2, max R-hat=1.010, minimum bulk ESS=185, divergences=0",,-0.20489265510263627,-0.03730704383541537,0.05141320839713245,-0.1499054525960509,0.05357331336935804,0.1675856112672209,False,0.0026127825629825214,2.0
simple_age_subgroup,8,bayesian_hierarchical,True,True,"prior scale=0.5, max R-hat=1.020, minimum bulk ESS=304, divergences=0",,-0.20489265510263627,-0.11585937015915707,0.06267303655101769,-0.24001648922065494,-0.0020223244919370304,0.0890332849434792,True,0.005899967939945113,0.5
simple_age_subgroup,8,bayesian_hierarchical,True,True,"prior scale=1, max R-hat=1.010, minimum bulk ESS=211, divergences=0",,-0.20489265510263627,-0.13806066511535098,0.06646176766381431,-0.26875387987080734,-0.00438825285498886,0.06683198998728529,True,0.006300415589425595,1.0
simple_age_subgroup,8,bayesian_hierarchical,True,True,"prior scale=2, max R-hat=1.020, minimum bulk ESS=281, divergences=0",,-0.20489265510263627,-0.14440028178145656,0.06570996522115348,-0.2861194300740495,-0.026425489191397068,0.06049237332117971,True,0.006146494971483143,2.0
simple_age_subgroup,9,bayesian_hierarchical,True,True,"prior scale=0.5, max R-hat=1.010, minimum bulk ESS=251, divergences=0",,-0.20489265510263627,-0.025557672061617895,0.04363575928591383,-0.13827767569739166,0.048551253088927084,0.17933498304101836,False,0.0021991344657985483,0.5
simple_age_subgroup,9,bayesian_hierarchical,True,True,"prior scale=1, max R-hat=1.010, minimum bulk ESS=221, divergences=0",,-0.20489265510263627,-0.025811481374416096,0.04504010201596466,-0.12934776659580463,0.055441430268877774,0.17908117372822016,False,0.002214430224097682,1.0
simple_age_subgroup,9,bayesian_hierarchical,True,False,"prior scale=2, max R-hat=1.010, minimum bulk ESS=184, divergences=1",,-0.20489265510263627,-0.03169897521755826,0.054162240873350455,-0.16130337182040005,0.057961245718594484,0.173193679885078,False,0.002158926541276216,2.0
simple_age_subgroup,10,bayesian_hierarchical,True,True,"prior scale=0.5, max R-hat=1.010, minimum bulk ESS=401, divergences=0",,-0.20489265510263627,-0.028773327117355117,0.04185468536782026,-0.12554486149310487,0.0398064860816014,0.17611932798528115,False,0.002780607330579836,0.5
simple_age_subgroup,10,bayesian_hierarchical,True,True,"prior scale=1, max R-hat=1.010, minimum bulk ESS=302, divergences=0",,-0.20489265510263627,-0.03138240746903457,0.045721743155675586,-0.14363705257942871,0.044154484718078875,0.1735102476336017,False,0.0027585604770914846,1.0
simple_age_subgroup,10,bayesian_hierarchical,True,True,"prior scale=2, max R-hat=1.010, minimum bulk ESS=221, divergences=0",,-0.20489265510263627,-0.03538654164467883,0.044927291263238224,-0.1440349286810919,0.0393740549103678,0.16950611345795744,False,0.00266404054373377,2.0
published_heterogeneity,1,bayesian_hierarchical,True,True,"prior scale=0.5, max R-hat=1.010, minimum bulk ESS=296, divergences=0",,-0.1766478682072401,-0.0902249002202,0.06197642412508154,-0.23353874366315946,0.0012539836913073958,0.0864229679870401,True,0.004313640914542294,0.5
published_heterogeneity,1,bayesian_hierarchical,True,True,"prior scale=1, max R-hat=1.010, minimum bulk ESS=259, divergences=0",,-0.1766478682072401,-0.11157852989499091,0.06859806317239962,-0.2613700477215623,0.00013667889119437992,0.06506933831224919,True,0.004199231065410608,1.0
published_heterogeneity,1,bayesian_hierarchical,True,True,"prior scale=2, max R-hat=1.010, minimum bulk ESS=279, divergences=0",,-0.1766478682072401,-0.11038015830921245,0.07186266343418382,-0.2745644295595818,0.0021846711917283615,0.06626770989802765,True,0.004436615786425092,2.0
published_heterogeneity,2,bayesian_hierarchical,True,True,"prior scale=0.5, max R-hat=1.020, minimum bulk ESS=148, divergences=0",,-0.1766478682072401,-0.00717830135605577,0.034421827342462914,-0.08116494295920813,0.0669287187215585,0.16946956685118433,False,0.004799560471322508,0.5
published_heterogeneity,2,bayesian_hierarchical,True,True,"prior scale=1, max R-hat=1.030, minimum bulk ESS=244, divergences=0",,-0.1766478682072401,-0.010911494288566003,0.04061553698833662,-0.09788999302026707,0.06792959079643059,0.1657363739186741,False,0.0046555675187274865,1.0
published_heterogeneity,2,bayesian_hierarchical,True,True,"prior scale=2, max R-hat=1.020, minimum bulk ESS=258, divergences=0",,-0.1766478682072401,-0.007847742678842175,0.03719421132090633,-0.08333099540172186,0.06433568785101748,0.16880012552839793,False,0.004628959472895975,2.0
published_heterogeneity,3,bayesian_hierarchical,True,True,"prior scale=0.5, max R-hat=1.020, minimum bulk ESS=356, divergences=0",,-0.1766478682072401,-0.018336729712745636,0.03460709518698612,-0.10834185094472015,0.033193284261832025,0.15831113849449446,False,0.004536419937100446,0.5
published_heterogeneity,3,bayesian_hierarchical,True,True,"prior scale=1, max R-hat=1.010, minimum bulk ESS=270, divergences=0",,-0.1766478682072401,-0.022383209068351062,0.040281619604953404,-0.1259728782016432,0.03573734143055094,0.15426465913888904,False,0.004617095782691118,1.0
published_heterogeneity,3,bayesian_hierarchical,True,True,"prior scale=2, max R-hat=1.010, minimum bulk ESS=281, divergences=0",,-0.1766478682072401,-0.027616524848222992,0.048998162186726375,-0.15689386200149658,0.04263597682253941,0.1490313433590171,False,0.004612735702696728,2.0
published_heterogeneity,4,bayesian_hierarchical,True,True,"prior scale=0.5, max R-hat=1.010, minimum bulk ESS=224, divergences=0",,-0.1766478682072401,-0.02655443190462806,0.045636881200497754,-0.13606613877945709,0.05190251945052669,0.15009343630261204,False,0.0039059144003751245,0.5
published_heterogeneity,4,bayesian_hierarchical,True,True,"prior scale=1, max R-hat=1.010, minimum bulk ESS=252, divergences=0",,-0.1766478682072401,-0.03293842431905559,0.0506103927792218,-0.15629849051974812,0.05891778927503223,0.14370944388818452,False,0.003967950034783634,1.0
published_heterogeneity,4,bayesian_hierarchical,True,True,"prior scale=2, max R-hat=1.010, minimum bulk ESS=272, divergences=0",,-0.1766478682072401,-0.035711865155204546,0.05444692794542136,-0.1689199797410302,0.05049980844404089,0.14093600305203555,False,0.004045998024024252,2.0
published_heterogeneity,5,bayesian_hierarchical,True,True,"prior scale=0.5, max R-hat=1.010, minimum bulk ESS=304, divergences=0",,-0.1766478682072401,0.007316067409074522,0.047958679519599375,-0.08157768876090501,0.11689845755932582,0.18396393561631463,False,0.007280895606208038,0.5
published_heterogeneity,5,bayesian_hierarchical,True,False,"prior scale=1, max R-hat=1.010, minimum bulk ESS=212, divergences=2",,-0.1766478682072401,0.010954688603624592,0.048048762202862694,-0.07440894393856905,0.11042862974526355,0.18760255681086468,False,0.008073365695534731,1.0
published_heterogeneity,5,bayesian_hierarchical,True,True,"prior scale=2, max R-hat=1.010, minimum bulk ESS=240, divergences=0",,-0.1766478682072401,0.012196985724064859,0.051940445288644464,-0.08464878655417589,0.1270605064318233,0.18884485393130496,False,0.008513772172826504,2.0
published_heterogeneity,6,bayesian_hierarchical,True,True,"prior scale=0.5, max R-hat=1.010, minimum bulk ESS=371, divergences=0",,-0.1766478682072401,-0.003940033831840756,0.038120663628368245,-0.083812306916277,0.06849825995136852,0.17270783437539936,False,0.0030762126085986012,0.5
published_heterogeneity,6,bayesian_hierarchical,True,True,"prior scale=1, max R-hat=1.010, minimum bulk ESS=239, divergences=0",,-0.1766478682072401,-0.009037396110121566,0.04481320722196431,-0.10482830932721383,0.08027870906669717,0.16761047209711855,False,0.0029543116690094323,1.0
published_heterogeneity,6,bayesian_hierarchical,True,True,"prior scale=2, max R-hat=1.010, minimum bulk ESS=307, divergences=0",,-0.1766478682072401,-0.006248213725759907,0.047283316211122625,-0.10623785063031592,0.09095084439021485,0.1703996544814802,False,0.003039376738961832,2.0
published_heterogeneity,7,bayesian_hierarchical,True,True,"prior scale=0.5, max R-hat=1.020, minimum bulk ESS=192, divergences=0",,-0.1766478682072401,-0.03894839063780411,0.0436912351899327,-0.1380871058866142,0.02941493327376228,0.13769947756943599,False,0.003629788044200192,0.5
published_heterogeneity,7,bayesian_hierarchical,True,True,"prior scale=1, max R-hat=1.010, minimum bulk ESS=190, divergences=0",,-0.1766478682072401,-0.04708483567787468,0.04952634692267565,-0.1707834877394157,0.028479398222117543,0.1295630325293654,False,0.0035618678439621144,1.0
published_heterogeneity,7,bayesian_hierarchical,True,True,"prior scale=2, max R-hat=1.010, minimum bulk ESS=268, divergences=0",,-0.1766478682072401,-0.05273217262120435,0.05324253777837303,-0.17873504727247594,0.028383099272990677,0.12391569558603574,True,0.003572649360590029,2.0
published_heterogeneity,8,bayesian_hierarchical,True,True,"prior scale=0.5, max R-hat=1.001, minimum bulk ESS=435, divergences=0",,-0.1766478682072401,-0.0032636510750251573,0.030354432861317674,-0.07081659221817636,0.06115437591659336,0.17338421713221494,False,0.00479113994345767,0.5
published_heterogeneity,8,bayesian_hierarchical,True,True,"prior scale=1, max R-hat=1.010, minimum bulk ESS=408, divergences=0",,-0.1766478682072401,-0.0024759483785518396,0.03769705150538994,-0.08135672672135243,0.07966577449994296,0.17417191982868827,False,0.005091849288487865,1.0
published_heterogeneity,8,bayesian_hierarchical,True,True,"prior scale=2, max R-hat=1.020, minimum bulk ESS=301, divergences=0",,-0.1766478682072401,-0.005058032639470184,0.03611367349552359,-0.08770540578028234,0.08064106714558512,0.1715898355677699,False,0.005023553748863998,2.0
published_heterogeneity,9,bayesian_hierarchical,True,True,"prior scale=0.5, max R-hat=1.020, minimum bulk ESS=293, divergences=0",,-0.1766478682072401,-0.10491536406529382,0.06353449860981014,-0.23593532011487547,0.014502208439048724,0.07173250414194628,True,0.005385145555997703,0.5
published_heterogeneity,9,bayesian_hierarchical,True,True,"prior scale=1, max R-hat=1.010, minimum bulk ESS=252, divergences=0",,-0.1766478682072401,-0.11798377011542019,0.06608965085202691,-0.25944528881714013,0.0035244945553000073,0.05866409809181991,True,0.0059523067120275655,1.0
published_heterogeneity,9,bayesian_hierarchical,True,True,"prior scale=2, max R-hat=1.010, minimum bulk ESS=215, divergences=0",,-0.1766478682072401,-0.12478464880377811,0.06740053656444751,-0.26549655687834167,-0.005058166320585856,0.05186321940346199,True,0.005908469039054774,2.0
published_heterogeneity,10,bayesian_hierarchical,True,True,"prior scale=0.5, max R-hat=1.010, minimum bulk ESS=188, divergences=0",,-0.1766478682072401,-0.010078972513283631,0.051281936539275604,-0.11474385451683944,0.08855467711026258,0.16656889569395647,False,0.011287725853554987,0.5
published_heterogeneity,10,bayesian_hierarchical,True,True,"prior scale=1, max R-hat=1.030, minimum bulk ESS=215, divergences=0",,-0.1766478682072401,-0.013345800328484972,0.058999257669239906,-0.13265904194297856,0.10696804760931544,0.16330206787875512,False,0.012899355031444,1.0
published_heterogeneity,10,bayesian_hierarchical,True,True,"prior scale=2, max R-hat=1.020, minimum bulk ESS=237, divergences=0",,-0.1766478682072401,-0.013084262341452981,0.06271577843738525,-0.13857336476130366,0.11466299313233355,0.1635636058657871,False,0.01311785162386386,2.0
age_bmi_interaction,1,bayesian_hierarchical,True,True,"prior scale=0.5, max R-hat=1.020, minimum bulk ESS=451, divergences=0",,-0.2246543430589587,0.002718451455890797,0.030179019186449187,-0.053842205840128755,0.06883285644587667,0.2273727945148495,False,0.004625864166693678,0.5
age_bmi_interaction,1,bayesian_hierarchical,True,True,"prior scale=1, max R-hat=1.010, minimum bulk ESS=350, divergences=0",,-0.2246543430589587,0.002019583776713702,0.03157084149392817,-0.0680308530729797,0.06558716546619336,0.22667392683567242,False,0.004885618884326659,1.0
age_bmi_interaction,1,bayesian_hierarchical,True,True,"prior scale=2, max R-hat=1.010, minimum bulk ESS=392, divergences=0",,-0.2246543430589587,0.0048121760553636525,0.03461394437974396,-0.07216673045443638,0.07369703768301175,0.22946651911432236,False,0.0049492744309429714,2.0
age_bmi_interaction,2,bayesian_hierarchical,True,True,"prior scale=0.5, max R-hat=1.020, minimum bulk ESS=213, divergences=0",,-0.2246543430589587,-0.0018358646010500968,0.02366005624739687,-0.05291909583724674,0.048300208104373236,0.22281847845790861,False,0.003698344413240045,0.5
age_bmi_interaction,2,bayesian_hierarchical,True,True,"prior scale=1, max R-hat=1.010, minimum bulk ESS=327, divergences=0",,-0.2246543430589587,-0.0047516499910613096,0.025396539808809366,-0.07334331226052483,0.03982577316774917,0.2199026930678974,False,0.0037196963950019636,1.0
age_bmi_interaction,2,bayesian_hierarchical,True,True,"prior scale=2, max R-hat=1.030, minimum bulk ESS=240, divergences=0",,-0.2246543430589587,-0.004903104223006382,0.028611455845108828,-0.074198755730294,0.04500530873608914,0.21975123883595232,False,0.0036553730666274457,2.0
age_bmi_interaction,3,bayesian_hierarchical,True,True,"prior scale=0.5, max R-hat=1.010, minimum bulk ESS=289, divergences=0",,-0.2246543430589587,-0.012300966518240712,0.031813703326143694,-0.09682258776408263,0.03801984781489946,0.21235337654071798,False,0.0033450515843146933,0.5
age_bmi_interaction,3,bayesian_hierarchical,True,True,"prior scale=1, max R-hat=1.010, minimum bulk ESS=231, divergences=0",,-0.2246543430589587,-0.012668531256754396,0.03282418148050528,-0.09725079001634312,0.0407064561503908,0.2119858118022043,False,0.0036017781097352937,1.0
age_bmi_interaction,3,bayesian_hierarchical,True,True,"prior scale=2, max R-hat=1.010, minimum bulk ESS=268, divergences=0",,-0.2246543430589587,-0.01559573283646099,0.03543152963674306,-0.10184252043006584,0.04663205032298699,0.20905861022249772,False,0.0036079335683741657,2.0
age_bmi_interaction,4,bayesian_hierarchical,True,True,"prior scale=0.5, max R-hat=1.010, minimum bulk ESS=360, divergences=0",,-0.2246543430589587,-0.005271162710517224,0.02695010444455012,-0.06731573985529557,0.050617150153662485,0.21938318034844148,False,0.0037135949105587553,0.5
age_bmi_interaction,4,bayesian_hierarchical,True,True,"prior scale=1, max R-hat=1.010, minimum bulk ESS=366, divergences=0",,-0.2246543430589587,-0.006130880430326748,0.02692420629840183,-0.0622177527128723,0.04883825995634786,0.21852346262863195,False,0.0038342119070066817,1.0
age_bmi_interaction,4,bayesian_hierarchical,True,True,"prior scale=2, max R-hat=1.020, minimum bulk ESS=262, divergences=0",,-0.2246543430589587,-0.005945541761166743,0.031073883616084357,-0.07797858702389676,0.05625170238505511,0.21870880129779197,False,0.003955747592914658,2.0
age_bmi_interaction,5,bayesian_hierarchical,True,True,"prior scale=0.5, max R-hat=1.020, minimum bulk ESS=225, divergences=0",,-0.2246543430589587,-0.005057985408996345,0.029553496187925316,-0.07477852832364518,0.048378145628760895,0.21959635764996235,False,0.003492786411413344,0.5
age_bmi_interaction,5,bayesian_hierarchical,True,True,"prior scale=1, max R-hat=1.010, minimum bulk ESS=263, divergences=0",,-0.2246543430589587,-0.0031460341964991115,0.03290798868159746,-0.07515501126203213,0.06333384619688046,0.2215083088624596,False,0.0036129152041766664,1.0
age_bmi_interaction,5,bayesian_hierarchical,True,True,"prior scale=2, max R-hat=1.010, minimum bulk ESS=269, divergences=0",,-0.2246543430589587,-0.004726481670016656,0.03418233821660309,-0.09225921714615551,0.054546788073140715,0.21992786138894205,False,0.0036254141376938147,2.0
age_bmi_interaction,6,bayesian_hierarchical,True,True,"prior scale=0.5, max R-hat=1.010, minimum bulk ESS=484, divergences=0",,-0.2246543430589587,-0.021284570767809607,0.032342495030682324,-0.10360078765793021,0.027657044672643755,0.2033697722911491,False,0.006787125503123034,0.5
age_bmi_interaction,6,bayesian_hierarchical,True,True,"prior scale=1, max R-hat=1.020, minimum bulk ESS=379, divergences=0",,-0.2246543430589587,-0.024180276966778946,0.034493999144636474,-0.11054704901138111,0.026454548553931544,0.20047406609217977,False,0.006858188719015434,1.0
age_bmi_interaction,6,bayesian_hierarchical,True,True,"prior scale=2, max R-hat=1.010, minimum bulk ESS=208, divergences=0",,-0.2246543430589587,-0.0245717419771603,0.036260818480244206,-0.1110391315784529,0.03178120210934178,0.2000826010817984,False,0.006653963507057226,2.0
age_bmi_interaction,7,bayesian_hierarchical,True,True,"prior scale=0.5, max R-hat=1.010, minimum bulk ESS=291, divergences=0",,-0.2246543430589587,-0.0061473071046605834,0.02315146092876017,-0.05986880005803121,0.03925942433359546,0.21850703595429813,False,0.003511303745220007,0.5
age_bmi_interaction,7,bayesian_hierarchical,True,True,"prior scale=1, max R-hat=1.010, minimum bulk ESS=162, divergences=0",,-0.2246543430589587,-0.006984568404397992,0.025489678361903457,-0.06251085806065748,0.0401025791383161,0.21766977465456072,False,0.0037185715801953782,1.0
age_bmi_interaction,7,bayesian_hierarchical,True,True,"prior scale=2, max R-hat=1.010, minimum bulk ESS=119, divergences=0",,-0.2246543430589587,-0.006875694099563505,0.029092159753562285,-0.06837353536226719,0.05112353310697558,0.2177786489593952,False,0.003635994245582086,2.0
age_bmi_interaction,8,bayesian_hierarchical,True,True,"prior scale=0.5, max R-hat=1.010, minimum bulk ESS=203, divergences=0",,-0.2246543430589587,-0.01237483417098748,0.038306627875798645,-0.10008218504305252,0.059470361468592164,0.21227950888797123,False,0.005780677642028037,0.5
age_bmi_interaction,8,bayesian_hierarchical,True,True,"prior scale=1, max R-hat=1.010, minimum bulk ESS=227, divergences=0",,-0.2246543430589587,-0.016497480126375225,0.04467885234957979,-0.11577556476503267,0.07351520980992723,0.20815686293258348,False,0.006233086604571702,1.0
age_bmi_interaction,8,bayesian_hierarchical,True,True,"prior scale=2, max R-hat=1.020, minimum bulk ESS=238, divergences=0",,-0.2246543430589587,-0.015771969432946054,0.047133291071579195,-0.12930311661979002,0.06637629065565016,0.20888237362601264,False,0.006829394076415768,2.0
age_bmi_interaction,9,bayesian_hierarchical,True,True,"prior scale=0.5, max R-hat=1.010, minimum bulk ESS=341, divergences=0",,-0.2246543430589587,0.00510833205023356,0.0361782920372007,-0.06923822853991406,0.08282006112839597,0.22976267510919227,False,0.005299790442759051,0.5
age_bmi_interaction,9,bayesian_hierarchical,True,True,"prior scale=1, max R-hat=1.010, minimum bulk ESS=266, divergences=0",,-0.2246543430589587,0.006926058142141985,0.03883592271346027,-0.07778877989426103,0.08483490750503045,0.23158040120110068,False,0.006361187798823443,1.0
age_bmi_interaction,9,bayesian_hierarchical,True,True,"prior scale=2, max R-hat=1.020, minimum bulk ESS=142, divergences=0",,-0.2246543430589587,0.009808906771773712,0.040362214155568114,-0.06740339308043958,0.09812653249906333,0.2344632498307324,False,0.006458389396591239,2.0
age_bmi_interaction,10,bayesian_hierarchical,True,True,"prior scale=0.5, max R-hat=1.010, minimum bulk ESS=319, divergences=0",,-0.2246543430589587,-0.023126288519569053,0.030470625160937397,-0.09351851415196906,0.020705423712397232,0.20152805453938966,False,0.002667286382811086,0.5
age_bmi_interaction,10,bayesian_hierarchical,True,True,"prior scale=1, max R-hat=1.020, minimum bulk ESS=183, divergences=0",,-0.2246543430589587,-0.028489336914846848,0.037499035461144845,-0.12422523523660953,0.023826675712876562,0.19616500614411186,False,0.002763057225989686,1.0
age_bmi_interaction,10,bayesian_hierarchical,True,True,"prior scale=2, max R-hat=1.010, minimum bulk ESS=221, divergences=0",,-0.2246543430589587,-0.02816107614367064,0.03688998196527581,-0.11542191112902413,0.027021884385791447,0.19649326691528807,False,0.0027026227050268455,2.0
continuous_heterogeneity,1,bayesian_hierarchical,True,True,"prior scale=0.5, max R-hat=1.010, minimum bulk ESS=410, divergences=0",,0.08579146262277082,0.05104045241940734,0.03565126484761286,-0.02671031213441032,0.11905123857573637,-0.03475101020336348,True,0.00748211931781392,0.5
continuous_heterogeneity,1,bayesian_hierarchical,True,True,"prior scale=1, max R-hat=1.010, minimum bulk ESS=279, divergences=0",,0.08579146262277082,0.05213628814947023,0.0356283381447356,-0.027350866832795764,0.12036336709321713,-0.03365517447330059,True,0.007830300584882805,1.0
continuous_heterogeneity,1,bayesian_hierarchical,True,True,"prior scale=2, max R-hat=1.010, minimum bulk ESS=322, divergences=0",,0.08579146262277082,0.05341451131117715,0.03989082560328017,-0.0343777733512811,0.12769873488441216,-0.03237695131159367,True,0.007523941342918746,2.0
continuous_heterogeneity,2,bayesian_hierarchical,True,True,"prior scale=0.5, max R-hat=1.010, minimum bulk ESS=360, divergences=0",,0.08579146262277082,0.07516227224588488,0.04345912205456851,-0.013974007363631477,0.15918910751869,-0.010629190376885936,True,0.011682147439932037,0.5
continuous_heterogeneity,2,bayesian_hierarchical,True,True,"prior scale=1, max R-hat=1.010, minimum bulk ESS=327, divergences=0",,0.08579146262277082,0.07798913712119483,0.044402368687073444,-0.013608044023717979,0.15975921482243513,-0.007802325501575988,True,0.012051306297972818,1.0
continuous_heterogeneity,2,bayesian_hierarchical,True,True,"prior scale=2, max R-hat=1.010, minimum bulk ESS=217, divergences=0",,0.08579146262277082,0.07551786607822086,0.04472629956376146,-0.020078014456476636,0.15512823514873614,-0.010273596544549957,True,0.012158846578803948,2.0
continuous_heterogeneity,3,bayesian_hierarchical,True,True,"prior scale=0.5, max R-hat=1.010, minimum bulk ESS=533, divergences=0",,0.08579146262277082,0.044062459476752865,0.035036896863237195,-0.037866183509520084,0.10839984390539915,-0.041729003146017955,True,0.0019003732823169096,0.5
continuous_heterogeneity,3,bayesian_hierarchical,True,True,"prior scale=1, max R-hat=1.010, minimum bulk ESS=363, divergences=0",,0.08579146262277082,0.044649181526526124,0.03601733611690098,-0.036837581886990704,0.10786887908318742,-0.041142281096244696,True,0.001916056910973597,1.0
continuous_heterogeneity,3,bayesian_hierarchical,True,True,"prior scale=2, max R-hat=1.010, minimum bulk ESS=380, divergences=0",,0.08579146262277082,0.04527338158649856,0.03984187977314208,-0.04807491418591197,0.11202494918660846,-0.04051808103627226,True,0.0019937713529881215,2.0
continuous_heterogeneity,4,bayesian_hierarchical,True,True,"prior scale=0.5, max R-hat=1.010, minimum bulk ESS=293, divergences=0",,0.08579146262277082,0.03312379126244994,0.040433016753061796,-0.05839843107783498,0.1034817900081552,-0.05266767136032088,True,0.004611411990654006,0.5
continuous_heterogeneity,4,bayesian_hierarchical,True,True,"prior scale=1, max R-hat=1.010, minimum bulk ESS=437, divergences=0",,0.08579146262277082,0.033525616140879747,0.0409267658811732,-0.06434203846145284,0.10382451255311242,-0.05226584648189107,True,0.004879765429226524,1.0
continuous_heterogeneity,4,bayesian_hierarchical,True,True,"prior scale=2, max R-hat=1.010, minimum bulk ESS=420, divergences=0",,0.08579146262277082,0.03587549826075394,0.03938677574499699,-0.05170724656868035,0.10298521177548624,-0.04991596436201688,True,0.004873168903480471,2.0
continuous_heterogeneity,5,bayesian_hierarchical,True,True,"prior scale=0.5, max R-hat=1.010, minimum bulk ESS=216, divergences=0",,0.08579146262277082,0.017141515597023822,0.058045833020415036,-0.10891650162818563,0.11632391496755973,-0.068649947025747,True,0.001707167989434282,0.5
continuous_heterogeneity,5,bayesian_hierarchical,True,True,"prior scale=1, max R-hat=1.010, minimum bulk ESS=366, divergences=0",,0.08579146262277082,0.016251728776769694,0.06327583020974088,-0.13465055596305442,0.11860070083216494,-0.06953973384600112,True,0.0019249312154563654,1.0
continuous_heterogeneity,5,bayesian_hierarchical,True,True,"prior scale=2, max R-hat=1.020, minimum bulk ESS=162, divergences=0",,0.08579146262277082,0.009798812287110393,0.06666987609650216,-0.14210379212088903,0.11874960647430856,-0.07599265033566042,True,0.002086420330250009,2.0
continuous_heterogeneity,6,bayesian_hierarchical,True,True,"prior scale=0.5, max R-hat=1.010, minimum bulk ESS=376, divergences=0",,0.08579146262277082,0.09105796408654267,0.04048991423874668,0.01457481324005864,0.1785111086802207,0.005266501463771847,True,0.0019161484672797226,0.5
continuous_heterogeneity,6,bayesian_hierarchical,True,True,"prior scale=1, max R-hat=1.010, minimum bulk ESS=346, divergences=0",,0.08579146262277082,0.10149374847917832,0.04085359900627953,0.026213709749549792,0.18188672842244677,0.015702285856407497,True,0.002174582077612494,1.0
continuous_heterogeneity,6,bayesian_hierarchical,True,True,"prior scale=2, max R-hat=1.010, minimum bulk ESS=203, divergences=0",,0.08579146262277082,0.10407886668664156,0.045299281906079035,0.020201002197966167,0.20141968633378923,0.018287404063870735,True,0.0021385219925623756,2.0
continuous_heterogeneity,7,bayesian_hierarchical,True,True,"prior scale=0.5, max R-hat=1.010, minimum bulk ESS=310, divergences=0",,0.08579146262277082,0.053509049502065066,0.037796907466883925,-0.012398344038446084,0.1367646666887198,-0.032282413120705754,True,0.002065429835180027,0.5
continuous_heterogeneity,7,bayesian_hierarchical,True,True,"prior scale=1, max R-hat=1.010, minimum bulk ESS=321, divergences=0",,0.08579146262277082,0.05892175311367819,0.041788400479740063,-0.011847358502858838,0.15262580132970954,-0.026869709509092628,True,0.0024152973223918266,1.0
continuous_heterogeneity,7,bayesian_hierarchical,True,True,"prior scale=2, max R-hat=1.010, minimum bulk ESS=338, divergences=0",,0.08579146262277082,0.05993737254977727,0.040919841181673966,-0.010736700746838598,0.14913396883012406,-0.025854090072993552,True,0.002344758141080123,2.0
continuous_heterogeneity,8,bayesian_hierarchical,True,True,"prior scale=0.5, max R-hat=1.020, minimum bulk ESS=335, divergences=0",,0.08579146262277082,0.11993217834245362,0.048077928242743775,0.039051966705940105,0.23035034723670297,0.0341407157196828,True,0.0036641100747937688,0.5
continuous_heterogeneity,8,bayesian_hierarchical,True,True,"prior scale=1, max R-hat=1.020, minimum bulk ESS=177, divergences=0",,0.08579146262277082,0.1294842688074789,0.05528758045110962,0.03463515206070717,0.2537340262072973,0.04369280618470808,True,0.00419816108932279,1.0
continuous_heterogeneity,8,bayesian_hierarchical,True,True,"prior scale=2, max R-hat=1.010, minimum bulk ESS=299, divergences=0",,0.08579146262277082,0.13389105227345208,0.052605846293915404,0.04764127799752188,0.24757927936212992,0.04809958965068126,True,0.004692032115228381,2.0
continuous_heterogeneity,9,bayesian_hierarchical,True,True,"prior scale=0.5, max R-hat=1.010, minimum bulk ESS=267, divergences=0",,0.08579146262277082,0.01616069290361505,0.03320685330219123,-0.051314590597192955,0.0863796574103498,-0.06963076971915577,True,0.0016393661118114453,0.5
continuous_heterogeneity,9,bayesian_hierarchical,True,True,"prior scale=1, max R-hat=1.010, minimum bulk ESS=210, divergences=0",,0.08579146262277082,0.01898210168215899,0.03602547720728821,-0.06257200149845613,0.0913297886606146,-0.06680936094061182,True,0.001562093259331809,1.0
continuous_heterogeneity,9,bayesian_hierarchical,True,True,"prior scale=2, max R-hat=1.010, minimum bulk ESS=269, divergences=0",,0.08579146262277082,0.018009065518583136,0.035199165264971785,-0.057378955420012784,0.0875149146707545,-0.06778239710418768,True,0.0015964712915271873,2.0
continuous_heterogeneity,10,bayesian_hierarchical,True,True,"prior scale=0.5, max R-hat=1.010, minimum bulk ESS=262, divergences=0",,0.08579146262277082,0.02452898192078903,0.032577607922636205,-0.04474442776542972,0.08652476116942419,-0.061262480701981786,True,0.006338131452698056,0.5
continuous_heterogeneity,10,bayesian_hierarchical,True,True,"prior scale=1, max R-hat=1.020, minimum bulk ESS=323, divergences=0",,0.08579146262277082,0.028753223998909515,0.03414395394285624,-0.042343021942568136,0.09429193447205138,-0.0570382386238613,True,0.006568788501807585,1.0
continuous_heterogeneity,10,bayesian_hierarchical,True,True,"prior scale=2, max R-hat=1.010, minimum bulk ESS=313, divergences=0",,0.08579146262277082,0.02757961035329253,0.03688941038712374,-0.049233153132814955,0.10116253018078802,-0.05821185226947829,True,0.006497476442042447,2.0
